﻿<?xml version="1.0" encoding="UTF-8"?>
<imageIndex>
  <_b>
    <image>
      <originalFileName>bromfietstreffen.jpg</originalFileName>
      <size>118054</size>
      <dateLastModified>Tue, 30 Jan 2018 21:13:24 GMT</dateLastModified>
      <width>620</width>
      <height>960</height>
      <cachedImage>
        <fileName>BRO_33886c79c55d8f9cbd847ce3523608feb68859d12d1ffe260183f8324bcc98f2.jpeg</fileName>
        <dateCreated>Fri, 16 Feb 2018 00:45:50 GMT</dateCreated>
        <imageFormat>jpeg</imageFormat>
        <compression>90</compression>
        <rotate>0</rotate>
        <flip />
        <colorMode />
        <crop />
        <width>100</width>
        <height>100</height>
        <bgColor>#FFFFFF</bgColor>
        <transparent>True</transparent>
        <border>0</border>
        <borderColor>#000000</borderColor>
        <constrain>False</constrain>
        <pad>False</pad>
      </cachedImage>
      <cachedImage>
        <fileName>BRO_116a6904dd882b72644ae42fa1da8dfb558cca746b82827e92d831ad478e105c.jpeg</fileName>
        <dateCreated>Fri, 16 Feb 2018 01:21:43 GMT</dateCreated>
        <imageFormat>jpeg</imageFormat>
        <compression>90</compression>
        <rotate>0</rotate>
        <flip />
        <colorMode />
        <crop />
        <width>620</width>
        <height>800</height>
        <bgColor>#FFFFFF</bgColor>
        <transparent>True</transparent>
        <border>0</border>
        <borderColor>#000000</borderColor>
        <constrain>False</constrain>
        <pad>False</pad>
      </cachedImage>
      <cachedImage>
        <fileName>BRO_dbb1417ae9a1843bf71a6b06eaa4f6d9f3fa47953f7737f94016177a3885f926.jpeg</fileName>
        <dateCreated>Fri, 16 Feb 2018 01:22:06 GMT</dateCreated>
        <imageFormat>jpeg</imageFormat>
        <compression>90</compression>
        <rotate>0</rotate>
        <flip />
        <colorMode />
        <crop />
        <width>100</width>
        <height>155</height>
        <bgColor>#FFFFFF</bgColor>
        <transparent>True</transparent>
        <border>0</border>
        <borderColor>#000000</borderColor>
        <constrain>False</constrain>
        <pad>False</pad>
      </cachedImage>
    </image>
  </_b>
</imageIndex>